month,WVPT,WVIT,WWPT,WWIT,water_deficit_m3,voidage_replacement
1994-11-01,1339.432923,0.0,0.009035,0.0,0,0.0
1994-12-01,1603.369598,0.0,0.16860599999999998,0.0,0,0.0
1995-01-01,1796.1076199999998,0.0,0.18079200000000004,0.0,0,0.0
1995-02-01,3966.552913,0.0,11.708829,0.0,0,0.0
1995-03-01,4084.6183069999997,0.0,15.058077999999998,0.0,0,0.0
1995-04-01,3761.332184,0.0,16.658743,0.0,0,0.0
1995-05-01,5275.01457,0.0,19.739487,0.0,0,0.0
1995-06-01,8337.361481000002,0.0,21.818229999999993,0.0,0,0.0
1995-07-01,12084.077560999998,0.0,25.901884000000006,0.0,0,0.0
1995-08-01,11253.213537,0.0,29.57130500000001,0.0,0,0.0
1995-09-01,9738.71203,0.0,32.425628999999994,0.0,0,0.0
1995-10-01,9138.039719999999,0.0,37.960014999999984,0.0,0,0.0
1995-11-01,8159.573657000002,0.0,41.110464000000015,0.0,0,0.0
1995-12-01,7822.927455,0.0,47.119001,0.0,0,0.0
1996-01-01,7299.493532,0.0,51.54485599999999,0.0,0,0.0
1996-02-01,6426.450560999998,0.0,52.460350999999996,0.0,0,0.0
1996-03-01,6471.216008000002,0.0,61.49769200000003,0.0,0,0.0
1996-04-01,8589.153635999997,0.0,65.464462,0.0,0,0.0
1996-05-01,8045.589062000002,0.0,74.77032999999994,0.0,0,0.0
1996-06-01,7195.403199999999,0.0,79.62815100000006,0.0,0,0.0
1996-07-01,7156.0152640000015,0.0,90.48836299999994,0.0,0,0.0
1996-08-01,7319.193887999999,0.0,98.99423600000003,0.0,0,0.0
1996-09-01,6593.167589000001,0.0,103.532045,0.0,0,0.0
1996-10-01,6912.246050000001,0.0,115.251132,0.0,0,0.0
1996-11-01,6666.924253,0.0,118.92103700000004,0.0,0,0.0
1996-12-01,6449.086194999997,0.0,130.76533299999994,0.0,0,0.0
1997-01-01,6078.653502000003,0.0,142.35174700000013,0.0,0,0.0
1997-02-01,5226.349675999998,0.0,134.482097,0.0,0,0.0
1997-03-01,5504.475493000003,0.0,157.25208699999993,0.0,0,0.0
1997-04-01,5092.175565999998,0.0,158.96458299999992,0.0,0,0.0
1997-05-01,5043.747835,0.0,171.68709000000007,0.0,0,0.0
1997-06-01,4872.700586999998,0.0,173.173591,0.0,0,0.0
1997-07-01,4783.936361000006,1470.616425,187.83578200000002,1469.200462,1281.36468,0.30740718814507617
1997-08-01,5098.035016999996,1551.670059,197.82936699999996,1550.171578,1352.342211,0.304366300707189
1997-09-01,5205.073304999996,1573.9049229999998,201.39591799999994,1572.377746,1370.981828,0.30237901193209055
1997-10-01,5269.565185999999,1667.736327,214.1521909999999,1666.1092840000001,1451.9570930000002,0.31648461839523023
1997-11-01,5022.680115000009,1641.4368910000003,217.50314599999987,1639.827514,1422.3243680000003,0.3268049832793298
1997-12-01,5539.784868999993,1717.430785,238.11042500000008,1715.7407839999998,1477.6303589999998,0.3100175955587279
1998-01-01,5467.447066,2820.595825,249.7718720000001,2817.800537,2568.028665,0.5158890046764653
1998-02-01,4914.134648000002,2559.2584229999998,235.51236800000004,2556.725586,2321.213218,0.5207953396314832
1998-03-01,5422.421088,2845.5253900000002,271.9092460000002,2842.7122799999997,2570.8030339999996,0.5247702721386289
1998-04-01,5241.437898,2763.624024,275.0815299999998,2760.89502,2485.81349,0.5272644792862144
1998-05-01,5401.38379,2865.189209,296.8553420000001,2862.361816,2565.506474,0.5304546613230015
1998-06-01,5223.944428000002,2780.7895510000003,297.62452999999994,2778.048096,2480.423566,0.5323160667818649
1998-07-01,5715.438946000001,2881.377442,318.9016389999998,2878.540772,2559.639133,0.5041393091980375
1998-08-01,5668.520815999999,2888.6162109999996,339.564281,2885.770752,2546.206471,0.509589062960936
1998-09-01,5459.256923,2801.799316999998,341.0120840000002,2799.0400390000004,2458.0279550000005,0.5132199045617253
1998-10-01,5627.862301999999,2901.477049000003,361.158284,2898.6230460000015,2537.4647620000014,0.5155557995740038
1998-11-01,5442.645752000002,2811.7182619999994,362.2252880000002,2808.9526369999985,2446.7273489999984,0.516608721221068
1998-12-01,5864.919301999999,2910.5942379999997,387.6215109999998,2907.736328,2520.114817,0.49627183054461743
1999-01-01,5841.214420999998,2916.2675790000003,400.7922830000003,2913.4038089999985,2512.6115259999983,0.4992570669064301
1999-02-01,5263.890675999996,2639.316406,372.4394119999999,2636.723632000002,2264.2842200000023,0.501400307957308
1999-03-01,5807.46155500001,2927.379883999998,431.1868210000002,2924.505371,2493.31855,0.5040721933801925
1999-04-01,5614.824916999994,2837.2534170000026,428.239114999999,2834.4697269999997,2406.2306120000007,0.5053146730202853
1999-05-01,5792.241034000005,2936.2285159999947,453.9844010000005,2933.346679999998,2479.362278999997,0.5069244354239683
1999-06-01,5599.371351999998,2845.4428700000044,449.93049700000057,2842.6547849999997,2392.724287999999,0.5081718448596309
1999-07-01,5820.521508999998,2944.307617999997,476.0736099999995,2941.419921999999,2465.3463119999997,0.5058494523982693
1999-08-01,5809.855638999999,2948.121093000005,487.1605470000003,2945.2373050000006,2458.076758,0.5074344830894009
1999-09-01,5612.3140760000015,2856.452148000002,482.13313499999964,2853.6552730000003,2371.5221380000007,0.5089615636828093
1999-10-01,5806.608455999998,2955.2285169999923,510.44533000000007,2952.3349610000005,2441.8896310000005,0.5089422748913507
1999-11-01,5588.6967460000005,2863.1093750000055,507.6710070000001,2860.310546999999,2352.639539999999,0.5123035843820332
1999-12-01,5793.521362,2961.8476549999978,542.2065200000001,2958.9599610000005,2416.7534410000003,0.5112344410131818
2000-01-01,5790.992472999998,2965.102539999998,561.9745999999999,2962.206054,2400.231454,0.5120197537511113
2000-02-01,5398.842866,2776.5527349999975,544.1264310000001,2773.8486329999996,2229.7222019999995,0.5142866358429772
2000-03-01,5789.421851000001,2971.064452000008,603.2744799999997,2968.1728519999997,2364.898372,0.5131884544718086
2000-04-01,5587.480994000004,2877.948242999997,604.1834120000003,2875.1455079999996,2270.9620959999993,0.5150707888027574
2000-05-01,5825.589065999995,4054.1791980000025,640.6356719999994,4050.245728,3409.6100560000004,0.6959260517810107
2000-06-01,5845.058260000001,4511.015472999997,652.7111430000002,4506.651992000002,3853.9408490000014,0.7717656988760273
2000-07-01,6697.972126000001,4826.744111000003,699.0396399999993,4822.112838999999,4123.073199,0.7206276795724011
2000-08-01,6814.993772000003,4946.806028999998,723.6133380000005,4942.071410999999,4218.458072999999,0.7258709537379743
2000-09-01,6659.127781999996,4871.010498,722.7876350000004,4866.358581000001,4143.570946000001,0.7314787547952781
2000-10-01,7031.614739000003,5098.866271999996,772.7187289999996,5094.011596,4321.292867000001,0.7251344763983938
2000-11-01,6863.674352000002,4980.782227000001,770.5749989999998,4976.053345999999,4205.478346999999,0.7256728643526996
2000-12-01,7210.073469999992,5186.911621000006,821.9464560000001,5181.998902000005,4360.052446000005,0.71939788721737
2001-01-01,7280.8555510000015,5219.045409999992,846.692389000001,5214.106934000002,4367.414545000001,0.7168176010967796
2001-02-01,6617.919173000006,4735.810547000006,784.2282249999997,4731.34497,3947.1167450000003,0.7156041685007751
2001-03-01,7407.905637999987,5266.577391999997,889.10262,5261.611572999996,4372.508952999996,0.7109401292835429
2001-04-01,7231.568936000003,5115.333009,881.0660519999986,5110.5178220000025,4229.451770000004,0.7073614390281182
2001-05-01,7533.457507000005,5303.3813470000005,932.2957510000011,5298.401855,4366.106103999999,0.7039770705644994
2001-06-01,7340.130445000008,5146.7375500000035,922.7476919999997,5141.910400000001,4219.162708000001,0.7011779407143762
2001-07-01,7622.013872999986,5331.931640000001,978.5549700000016,5326.931641000002,4348.376671,0.6995436808226878
2001-08-01,7656.229596000007,5345.020993999998,1001.1006069999987,5340.016112999998,4338.915505999999,0.6981270515702012
2001-09-01,7437.552872999998,5183.865724999993,989.6148070000004,5179.023438000001,4189.408631,0.6969853947282312
2001-10-01,7859.446029999999,5367.731933000004,1043.6864879999991,5362.715820999999,4319.0293329999995,0.6829656839058419
2001-11-01,7617.765394,5204.228027000001,1029.1230570000012,5199.356445000003,4170.233388000002,0.6831699005982805
2001-12-01,7881.797168000002,5387.606446000001,1083.7238159999993,5382.571287999999,4298.8474719999995,0.6835505064598231
2002-01-01,7891.885268999997,5396.907713999991,1103.7943949999992,5391.854980999996,4288.060585999997,0.6838553184749794
2002-02-01,7137.115510000003,4881.814453000009,1013.8650860000008,4877.252441000006,3863.3873550000053,0.6840038452733417
2002-03-01,7916.175104999998,5413.307617999995,1142.3038279999994,5408.233398999999,4265.929571,0.6838286857223324
2002-04-01,7668.052636000005,5246.154297000005,1124.426859000001,5241.242187999998,4116.815328999997,0.68415731425347
2002-05-01,7781.574085000002,5709.878415999997,1104.9846729999983,5704.538085000004,4599.553412000006,0.7337690746922955
2002-06-01,7581.150351999997,5513.4173590000055,1087.9372220000014,5508.262695999996,4420.325473999995,0.7272533986277558
2002-07-01,7882.614126000008,5691.768006999998,1143.4669050000005,5686.454101000003,4542.987196000003,0.7220660450987034
2002-08-01,7925.582933999991,5690.613461999994,1162.7874900000004,5685.314453000001,4522.526963,0.7180056671399914
2002-09-01,7705.758865,5508.052980000008,1168.3208079999997,5502.923828999994,4334.603020999994,0.7147969559517235
2002-10-01,7996.4984730000015,5694.174437999996,1228.6559529999995,5688.881835999997,4460.225882999997,0.7120834771902038
2002-11-01,7777.598881,5657.641480999999,1231.6163569999999,5652.373047000005,4420.756690000005,0.7274277791338823
2002-12-01,8077.763776000006,5844.452636,1289.306201999999,5839.0244139999995,4549.718212000001,0.72352358871456
2003-01-01,8571.103696999993,12960.752137000001,1265.4379690000005,12948.733033,11683.295064,1.5121450626640356
2003-02-01,8654.774141000005,12135.367492000003,1165.333951000001,12124.689451999999,10959.355500999998,1.4021587732152923
2003-03-01,10592.534601000001,14281.497803999999,1337.7767619999993,14269.473633,12931.696871,1.348260670552989
2003-04-01,11162.454037999993,14325.749998999998,1324.8343300000008,14314.250123000002,12989.415793,1.2833871432062605
2003-05-01,12304.914864000002,15210.558593000002,1382.163021999999,15198.863523000005,13816.700501000007,1.2361368413446667
2003-06-01,12500.819024000002,15024.299806000005,1358.2624750000004,15013.220215999994,13654.957740999995,1.2018652359621587
2003-07-01,13639.765139999998,17467.904661999997,1436.5399,17455.491212,16018.951312000001,1.280660222717002
2003-08-01,14156.526303999994,17995.083374,1462.037036,17982.926633999996,16520.889597999994,1.2711510569450506
2003-09-01,14284.401802000006,18323.32903899999,1445.0606479999992,18311.521607000002,16866.460959000004,1.2827508840051307
2003-10-01,15513.21319099999,19310.743591,1491.2220400000015,19298.955320999998,17807.733280999997,1.2447932838441975
2003-11-01,15335.83856100001,21333.294801,1388.453733,21320.963381000005,19932.509648000007,1.3910745549481653
2003-12-01,16871.95452900001,21924.779299000016,1434.6772819999996,21912.623289999992,20477.94600799999,1.2994807010245946
2004-01-01,17650.33996899999,22871.09667999999,1450.9004199999986,22859.12158300001,21408.221163000013,1.2957878839823724
2004-02-01,17141.374511999995,21839.985840000005,1381.3359830000002,21829.118163,20447.78218,1.274109367642058
2004-03-01,18950.06298900001,23719.393552999994,1485.6261980000018,23708.19335999999,22222.56716199999,1.25167887656988
2004-04-01,18911.210811999998,23305.835939,1434.215104999999,23295.411132000012,21861.196027000013,1.2323820071960394
2004-05-01,20126.716066,25335.096189000004,1521.8382330000002,25324.316407999995,23802.478174999997,1.2587794305797608
2004-06-01,20551.771603999994,24787.571291,1468.1827709999995,24777.671872999996,23309.489101999996,1.2061038711706777
2004-07-01,21926.526612000005,25894.989256999994,1548.5203789999996,25885.076173000012,24336.555794000014,1.1809891149302287
2004-08-01,22193.540037000002,26151.228516000014,1559.0381529999984,26141.613280999998,24582.575128,1.1783261468157826
2004-09-01,21817.225465999993,25530.251950999984,1509.5808220000038,25521.17773499999,24011.596912999987,1.1701878403734873
2004-10-01,22735.48560100002,26601.287108999997,1577.7753659999971,26592.109374000007,25014.33400800001,1.1700338218344428
2004-11-01,22226.475701999985,26375.58886900001,1544.1930210000028,26366.771484000004,24822.578463,1.1866743618119664
2004-12-01,23194.042969000006,27438.046877000004,1613.918291999996,27429.162110000005,25815.24381800001,1.1829781859795776
2005-01-01,23393.158694999987,27612.531247000003,1632.1679220000026,27603.910156,25971.742233999998,1.1803677992789343
2005-02-01,21273.887691000014,25077.144533,1490.4833770000025,25069.550781999995,23579.06740499999,1.1787758258970675
2005-03-01,23710.123292999997,27922.828125000007,1679.509885999997,27914.617186,26235.107300000003,1.1776753659161165
2005-04-01,23066.141114999995,27164.319335,1636.877645000001,27156.546875000007,25519.669230000007,1.1776707338938002
2005-05-01,23969.729977000003,28367.16601899999,1698.3635219999987,28359.25585999999,26660.89233799999,1.1834578881872895
2005-06-01,23312.03466999999,27577.883784999998,1668.050371999999,27570.419922,25902.369550000003,1.1829891373870374
2005-07-01,24207.281740000013,28625.119142000007,1763.0714689999984,28617.58984199999,26854.51837299999,1.1825003504916447
2005-08-01,24306.468010999983,28747.41992099999,1791.5953810000037,28740.080079000003,26948.484698,1.1827065910189105
2005-09-01,23609.472414999997,27930.26757900001,1764.9179649999994,27923.291015000006,26158.373050000006,1.1830110850446132
2005-10-01,24485.737314000016,28975.310548,1860.2085420000003,28968.277343999984,27108.068801999983,1.1833546270805175
2005-11-01,23780.383293999996,28289.488279999987,1835.6589189999981,28282.765627000008,26447.10670800001,1.1896144788859513
2005-12-01,24662.11157000001,29334.039063000007,1934.3832390000011,29327.289061000003,27392.905822,1.189437448603676
2006-01-01,24746.693119999993,29432.572265999992,1972.0034480000002,29425.94531200001,27453.94186400001,1.1893537501466378
2006-02-01,22418.41161799999,26663.119139000006,1811.683431999999,26657.30468599999,24845.62125399999,1.1893402437839036
2006-03-01,24323.62988200002,31011.435116999983,2035.7619350000034,31004.770753,28969.008818,1.274950953761596
2006-04-01,23867.774418999987,29892.500308000013,1996.7083659999935,29886.40405399999,27889.695688,1.2524209330637897
2006-05-01,25013.978756000004,31470.368408000013,2085.0794340000057,31464.377441,29379.298006999994,1.2581112631052882
2006-06-01,24523.854734000015,30898.82165599999,2057.1321250000005,30893.325683000003,28836.193558000003,1.2599496282760836
2006-07-01,25310.89209499998,34714.162662,1994.994248000002,34708.394897,32713.400648999996,1.3715108314517916
2006-08-01,25773.64697199999,35085.130186,2026.794551999999,35080.116824000004,33053.322272000005,1.3612792254086443
2006-09-01,25230.473145999997,34502.91613500001,1989.9013039999945,34498.68115,32508.779846,1.3675096751195905
2006-10-01,26465.23705400002,36185.81835899998,2104.782160000004,36182.014159999984,34077.23199999998,1.3672962114477176
2006-11-01,25770.538577000007,35459.478518,2091.6572659999983,35456.26172000001,33364.604454000015,1.375969633387767
2006-12-01,27077.484858999993,37056.43408300002,2230.6752930000016,37053.631837,34822.956544,1.3685330921968268
2007-01-01,27413.90674199999,36891.81141399999,2293.7534139999993,36889.460264,34595.70685,1.3457334542354447
2007-02-01,24807.875002999997,33967.81969000001,2112.791732999999,33965.95672699999,31853.16499399999,1.3692353611864099
2007-03-01,28065.707029999998,38269.26854999998,2426.0636110000028,38267.473817000006,35841.410206,1.3635597531568753
2007-04-01,27376.11913700002,37297.87012000002,2424.0140169999986,37296.576721000005,34872.562704,1.3624235755750465
2007-05-01,28463.022946999983,39761.88055199998,2558.3020800000018,39760.95629799999,37202.65421799999,1.3969661840219576
2007-06-01,28207.057615000005,38570.92791700001,2550.0560559999963,38570.713623,36020.65756700001,1.3674211767656574
2007-07-01,29343.201664999997,39936.28198399998,2731.357940000001,39936.607421,37205.249481,1.3610062882686453
2007-08-01,29520.439937999992,40003.129276000036,2828.3725900000013,40003.956544,37175.583954,1.3550993603081867
2007-09-01,28840.85205100002,38766.80663899995,2842.509014000002,38768.038574,35925.529559999995,1.3441630146865151
2007-10-01,30033.612307999992,40112.65478600003,3037.0031379999973,40114.372314,37077.369176,1.335592081786156
2007-11-01,29269.283204999996,40350.91137500001,3048.7159010000005,40352.903320000005,37304.187419,1.3786094825891386
2007-12-01,30644.27050600002,41723.704101999996,3285.5404219999987,41726.46191399999,38440.921491999994,1.3615499215042717
2008-01-01,30353.26123099999,44089.482908000005,3071.256475000001,44092.98047000001,41021.72399500001,1.4525451671391119
2008-02-01,28661.840818999997,41271.78124899998,3005.704554999998,41275.979491999984,38270.27493699999,1.4399557066007018
2008-03-01,31689.09478899999,44147.57910600003,3358.414219000002,44152.78320200001,40794.36898300001,1.3931473713576905
2008-04-01,31052.45865400002,42744.209961000015,3336.9453169999983,42749.86230600001,39412.91698900001,1.3765161218721702
2008-05-01,32083.228601999996,44203.28466499998,3607.425978,44209.499999999985,40602.074021999986,1.3777692143565765
2008-06-01,31099.027773,42800.14551,3636.6182899999994,42806.630860000005,39170.012570000006,1.3762534900579382
2008-07-01,32701.357666999986,45328.85449200001,3989.235873,45336.144529,41346.908656,1.3861459500729796
2008-08-01,32822.161371999995,45305.02734299998,4165.718662999999,45312.740237000005,41147.021574000006,1.3803182194347778
2008-09-01,31744.193605000008,43839.00586200003,4203.262021000004,43846.736328,39643.474307,1.3810086470457694
2008-10-01,32789.005614,45303.66308099998,4522.597680999999,45311.92187600001,40789.32419500001,1.3816723695230502
2008-11-01,32290.693361999998,43850.96973100001,4543.942596000001,43859.21288899999,39315.27029299999,1.3580064459874455
2008-12-01,33315.077639000025,45326.545893999995,4871.591378999997,45335.19140700001,40463.600028000015,1.3605415057156836
2009-01-01,33335.128051000014,46574.031254000016,5053.502094000001,46582.951171999994,41529.44907799999,1.3971457131571705
2009-02-01,30132.482542999962,42072.732419,4713.905935000001,42081.085936999996,37367.180001999994,1.396258418434689
2009-03-01,33379.430910999996,46590.293946,5400.818758,46599.785156,41198.966398,1.3957785580654234
2009-04-01,32456.607419000014,45096.89648499999,5397.756046999997,45106.35351700001,39708.597470000015,1.3894519505017762
2009-05-01,33534.47924799997,46614.746092999994,5738.46978,46624.699217999994,40886.229437999995,1.3900542706587624
2009-06-01,32512.61767400004,45125.12890900002,5713.9926829999995,45134.88476500001,39420.89208200001,1.3879266616260817
2009-07-01,33599.55078299998,46644.10058299998,6075.344299,46654.500001,40579.155702000004,1.3882358393493766
2009-08-01,33604.050780000005,46658.229491,6249.684286000002,46668.707031,40419.022744999995,1.3884703899676702
2009-09-01,32494.933595000024,45166.61718699999,6203.249812999999,45176.94921699999,38973.699403999984,1.3899587471060335
2009-10-01,33798.62646499997,46687.92871400002,6579.7973470000015,46698.777343,40118.979996,1.38135580043016
2009-11-01,32626.168453,45198.126952,6534.696869999995,45208.73437600001,38674.037506000015,1.3853335863544836
2009-12-01,33644.641601000025,46721.676759999995,6946.920953000001,46732.80859399999,39785.88764099999,1.3886810658910773
2010-01-01,33672.842778999984,48280.549803,7163.5401349999975,48292.239258000016,41128.69912300002,1.4338127053861367
2010-02-01,30452.40136500004,43600.636719,6653.439874000008,43611.507813000004,36958.06793899999,1.4317634985959322
2010-03-01,33744.40624999994,48271.513672,7575.8514469999955,48283.98827899999,40708.136832,1.430504164582836
2010-04-01,32790.89257900002,46730.986326,7527.275887,46743.367189000004,39216.091302,1.4251208994514382
2010-05-01,33865.98925800002,48295.41797300003,7992.333718000005,48308.56250100001,40316.228783,1.4260743309481623
2010-06-01,33005.239258999994,46739.726560999974,7934.743809999997,46752.70702999999,38817.96321999999,1.4161305177708963
2010-07-01,34084.971678000016,48449.28124900001,8431.769818000006,48462.935548,40031.16572999999,1.4214264781176675
2010-08-01,34072.71288800001,48445.005855999996,8704.947609999996,48458.890623,39753.943013000004,1.4218124049952516
2010-09-01,32747.07617499999,47329.50122299999,8616.323677,47343.244143,38726.920466,1.4453046424685885
2010-10-01,33872.031247999956,48903.474243000004,9153.592407999997,48918.13281099999,39764.54040299999,1.4437715259809702
2010-11-01,33488.74438900003,47323.35180899999,9404.566930999998,47338.01171800001,37933.444787000015,1.4131121567085145
2010-12-01,34576.033929000005,49014.964023000015,9963.866218,49030.24451700001,39066.378299,1.4175993731279175
2011-01-01,34576.438482,49043.11269900002,10227.226577000001,49058.581748,38831.355170999996,1.418396886785525
2011-02-01,31250.139157000023,44325.39248299998,9482.294848000001,44339.573303000005,34857.27845500001,1.4184062432589555
2011-03-01,34623.58154099995,49104.582611000005,10764.881934000005,49120.456452,38355.574517999994,1.4182409914136755
2011-04-01,33536.99902700001,47543.842591,10670.163888999994,47559.48455799999,36889.32066899999,1.4176534564921368
2011-05-01,34687.16553000001,49150.14306599999,11274.793276000006,49166.39306700002,37891.599791000015,1.416954724175757
2011-06-01,33624.146480999996,47731.27234100002,11192.691923999992,47747.29894999999,36554.607026,1.4195534262251546
2011-07-01,34906.501460999985,49338.03564199998,11849.297995000006,49354.86120399999,37505.563208999985,1.4134339901443267
2011-08-01,34935.564947,49352.41198800001,12114.274071999997,49369.294679,37255.020607,1.412669640890923
2011-09-01,34005.15038800003,48959.71411300001,11974.549517000003,48976.79736400001,37002.247847000006,1.439773491790739
2011-10-01,35532.07666599999,50263.841064000015,12683.431327,50282.13769399999,37598.70636699999,1.414604655294369
2011-11-01,34751.759760999965,48810.230592999986,12542.835269999994,48828.419679000006,36285.58440900001,1.4045398255709942
2011-12-01,36181.955082000044,50660.06236000001,13203.334629000003,50679.639542,37476.30491299999,1.4001471795868377
2012-01-01,36241.924797999956,50143.835767000004,13403.567814000004,50163.729598,36760.161783999996,1.38358644157242
2012-02-01,33998.157226999996,46973.57544199998,12707.034652999997,46992.829835000004,34285.79518200001,1.3816506326612144
2012-03-01,36458.93164200002,50267.01458700002,13818.784576,50288.00952100001,36469.22494500001,1.3787297741081734
2012-04-01,35375.455078000006,48642.024414,13565.871607000003,48662.93749999999,35097.06589299999,1.3750218705808388
2012-05-01,36648.25390800001,50259.88501099999,14243.331011000006,50281.908202,36038.57719099999,1.3714128137501436
2012-06-01,35544.706051000016,48635.417724,13994.13629399999,48657.131837,34662.99554300001,1.3682886462534605
2012-07-01,36795.32129199999,50253.868408000024,14685.761721999997,50276.726561999996,35590.96484,1.3657678923142378
2012-08-01,36852.46093399999,50251.159423999976,14903.178199999995,50274.503906,35371.325706,1.36357676395061
2012-09-01,35577.85547099998,48482.17041199999,14242.212088000018,48504.934816,34262.72272799998,1.3627063736744476
2012-10-01,36963.73046799999,50102.77502,15008.290953999991,50126.70263499999,35118.411681,1.3554577523871587
2012-11-01,35959.45703500003,48491.810426,14805.381350000003,48515.003419,33709.622069,1.3485134210675647
2012-12-01,37198.53905999998,50114.102540000014,15512.791774999996,50138.335936999996,34625.544162,1.34720620235025
2013-01-01,36692.02929700003,50581.60318,15401.933480999991,50606.05468900001,35204.12120800002,1.378544717997802
2013-02-01,33723.61187800002,45742.102386999984,14598.392337000005,45764.706053999995,31166.31371699999,1.356382067035956
2013-03-01,37497.53936899999,50675.61291400002,16474.409534,50700.949217999994,34226.539683999996,1.3514383548029454
2013-04-01,36306.52867999997,49054.07641800001,16121.799685999995,49078.884766,32957.085080000004,1.351108965837933
2013-05-01,38175.41986400003,50674.95397999998,16899.878220000006,50700.956543,33801.078322999994,1.3274236186669208
2013-06-01,36943.17266599998,49027.848877000026,16541.842346000005,49053.104005,32511.261658999996,1.327115278383277
2013-07-01,38218.13500900001,50802.69530899997,17309.668090000006,50828.909178999995,33519.24108899999,1.3292824282774764
2013-08-01,38269.08740900003,50776.214846999996,17524.911489,50802.662595999995,33277.751107,1.32682063474183
2013-09-01,37078.31469699998,49116.61401500002,17153.111582,49142.321778000005,31989.210196000004,1.3246722354124165
2013-10-01,38360.72655399998,50736.92333499997,17927.476135,50763.553711,32836.077575999996,1.3226267563931082
2013-11-01,37166.280766,49088.946292000015,17535.736066999994,49114.917969,31579.181902000008,1.3207925377593057
2013-12-01,38452.657714999994,50717.195311,18316.722202999994,50744.116212,32427.394009000007,1.3189516232376244
2014-01-01,38499.77344000001,50712.55468599999,18509.075025000013,50739.590819,32230.515793999984,1.3172169640175413
2014-02-01,34945.73681599997,45817.90673899999,16998.468720999983,45842.469725999996,28844.001005000013,1.311115773012466
2014-03-01,38898.750975000075,50738.328128000016,19095.890896,50765.46289000001,31669.57199400001,1.3043690827144847
2014-04-01,37675.67284999995,49111.40527300001,18645.773073000008,49137.661135,30491.888061999995,1.3035309407354108
2014-05-01,38981.194827000014,50759.071777000005,19437.89984299999,50786.15624900001,31348.25640600002,1.3021425331437542
2014-06-01,37737.79198999997,49131.88769499999,18965.21530000003,49158.18164200001,30192.96634199998,1.3019279905941321
2014-07-01,39085.767583000066,51394.280273000004,19787.352749999987,51421.606446000005,31634.253696000018,1.3149103484756275
2014-08-01,39173.387691999946,51399.34668,19975.080997000005,51426.81445199999,31451.733454999987,1.3120985880548917
2014-09-01,37955.13574600002,49748.62450999997,19484.47622600001,49775.550781,30291.07455499999,1.3107218175406692
2014-10-01,39289.35351099998,51414.92187600001,20334.44824199999,51442.54687399999,31108.098632,1.308622241941578
2014-11-01,38075.18164000005,49764.35644500001,19842.86801,49791.355469999995,29948.487459999997,1.3070024698902512
2014-12-01,40968.11481399998,51469.875979000004,21484.648771000004,51497.739257,30013.090485999997,1.2563398685216356
2015-01-01,40936.20793899996,52132.50390399998,21633.076576,52160.40918000001,30527.33260400001,1.2735059383537404
2015-02-01,36970.70081000003,47126.307615999984,19666.14648099999,47151.341797,27485.195316000012,1.2746933810692875
2015-03-01,40970.889526000006,52220.056642000025,21960.385314000025,52247.763671999994,30287.37835799997,1.274564873893239
2015-04-01,39685.46289099999,50574.915043000015,21402.897681999984,50601.64355500001,29198.745873000025,1.2743939810380687
2015-05-01,41048.364258000016,52299.37792699999,22273.55297599999,52326.859375,30053.30639900001,1.274091644633738
2015-06-01,39761.786377000004,50636.457031,21698.97209,50663.075195,28964.103105,1.2734955253491929
2015-07-01,41536.44427199998,52238.942381,22896.044706,52266.317383,29370.272677,1.2576652454628778
2015-08-01,41527.04242100002,52271.41113099997,23027.815739000005,52298.45507599999,29270.639336999986,1.2587318548013566
2015-09-01,40180.97436500002,50609.04590100003,22405.092504000004,50635.119141999996,28230.026637999992,1.259527592369275
2015-10-01,41502.455080999986,52319.80273299999,23267.511602999995,52346.478514999995,29078.966912,1.2606435602637935
2015-11-01,40166.16344899999,50652.68847800001,22644.865606999992,50678.359376,28033.493769000008,1.261078582780629
2015-12-01,41499.983641000006,52362.11035300001,23418.890474999997,52388.43554600001,28969.54507100001,1.2617380962355065
2016-01-01,41604.994382999976,53300.425781,23700.47051900001,53327.00585999999,29626.53534099998,1.2811064289622602
2016-02-01,39908.309270000034,49869.003908,22274.51823799997,49893.94336000001,27619.42512200004,1.2495894920180857
2016-03-01,42708.36797499996,54083.424069999994,23962.791299000022,54110.108092999995,30147.316793999973,1.26634256082224
2016-04-01,41365.474857000016,52347.71130099999,23333.894407000007,52373.646424,29039.75201699999,1.26549281694373
2016-05-01,42769.18506300004,54097.30932700001,24266.975116999998,54124.076172,29857.101055000003,1.2648664978608632
2016-06-01,41401.28808499999,52357.75524899999,23665.57374400002,52383.44738599999,28717.873641999973,1.2646407315034627
2016-07-01,42782.14501499997,54109.493651,24420.793486999974,54136.25195400001,29715.458467000033,1.2647681324073048
2016-08-01,42832.504890000026,54116.097900999994,24737.880465000027,54142.542967999994,29404.662502999967,1.2634352821526045
2016-09-01,41468.233398000026,52823.91504300002,24161.29250699999,52849.925537999996,28688.633031000005,1.2738404970380934
2016-10-01,42849.66063799996,54588.356442,25222.067096999985,54615.273436999996,29393.20634000001,1.2739507298125465
2016-11-01,41625.337664,52830.447755,24531.427323,52856.589844,28325.162521000002,1.2691896503386404
2016-12-01,43019.38951400002,54595.43652800001,25635.280717000012,54622.443360000005,28987.162642999992,1.2690890583241017
2017-01-01,43027.931854,54600.04540600001,25760.63512199998,54627.12304800001,28866.487926000027,1.2689442195656966
2017-02-01,38867.626985000024,49320.64599599998,23507.075219,49345.223141999995,25838.147922999997,1.2689389556772794
2017-03-01,43113.00780899998,55074.84863299999,26191.01917800003,55102.337891999996,28911.318713999965,1.2774531732277545
2017-04-01,41749.61230299997,53303.450194000005,25629.57289099998,53330.142578,27700.569687000017,1.2767412019816484
2017-05-01,43170.753423000024,55085.029299000016,26593.561712000006,55112.625,28519.063287999994,1.2759802628242396
2017-06-01,41836.644164,53311.051759999995,26056.605104999973,53338.058594,27281.45348900003,1.274266921386434
2017-07-01,43274.523559,55092.05956699999,27030.442564000026,55119.894531,28089.45196699997,1.2730829836147841
2017-08-01,43319.415038999985,55096.41308599999,27347.475853999975,55124.28125100001,27776.805397000033,1.2718641984522947
2017-09-01,42006.08605700001,54072.86718600001,26583.802370000034,54100.42187399999,27516.61950399996,1.2872626864741938
2017-10-01,43531.163457,55877.348636,27867.818552999994,55905.82812600001,28038.009573000014,1.283617165233719
2017-11-01,42194.368772,54078.14257599999,27046.33259400003,54105.93359299999,27059.60099899996,1.281643597234852
2017-12-01,43704.03417999999,55883.26464899999,28326.808849999965,55912.01953,27585.210680000033,1.2786752000705122
2018-01-01,43782.77807199999,55886.61914000002,28401.78726899999,55915.506836,27513.71956700001,1.2764521028815368
2018-02-01,39597.475585999986,50482.521485000005,25938.956422000017,50508.617186999996,24569.66076499998,1.2748924202341958
2018-03-01,43930.790529000005,56049.859375,28790.275314999988,56078.863283000006,27288.587968000018,1.2758673062803148
2018-04-01,42581.18847800004,54246.333984,28190.091696000007,54274.503905,26084.41220899999,1.2739506792307327
2018-05-01,44083.635011,56058.62500300002,29187.780005000004,56087.804686999996,26900.024681999992,1.2716425265069897
2018-06-01,42722.39233400001,54256.13085599997,28572.781573000004,54284.31640700001,25711.53483400001,1.2699693975896802
2018-07-01,44222.02489799993,56070.31250300004,29570.171037000007,56099.58007899999,26529.409041999985,1.2679272971404794
2018-08-01,44279.718026000075,56078.21093699998,29909.09370400001,56107.390623,26198.29691899999,1.2664536595303542
2018-09-01,42975.41967399998,55415.87695099997,28997.84018699999,55444.699218999995,26446.859032000004,1.2894784360774127
2018-10-01,45124.76715300001,57131.466795000015,30340.61873399999,57161.496094,26820.877360000013,1.2660778193334516
2018-11-01,44209.14177999999,54697.53456400001,29649.54415199999,54726.44323800001,25076.899086000016,1.2372448855984108
2018-12-01,45619.151979,56546.032274000005,30884.143695000017,56575.55941599999,25691.415720999972,1.2395239679165893
2019-01-01,45588.429446,56583.235776999994,30823.203760999997,56612.469636,25789.265875000005,1.241175369816665
2019-02-01,41155.62829399998,51157.43438599999,28073.31002599998,51182.99157800001,23109.681552000027,1.2430240165585849
2019-03-01,45570.949461000004,56698.39593600001,31045.106331,56726.85534499999,25681.74901399999,1.244178508602788
2019-04-01,44102.455320999994,54922.731201999995,30317.12704800004,54951.31469800001,24634.18764999997,1.24534406989916
2019-05-01,45602.05322299998,56806.47143700002,31301.32910699997,56834.60522399999,25533.276117000023,1.2456998626620819
2019-06-01,44149.18457000001,55020.61755099998,30574.558931000036,55047.992308999994,24473.433377999958,1.2462431206121813
2019-07-01,45663.641598999995,56899.06664999998,31570.084883999956,56927.14721800001,25357.062334000057,1.2460475042631298
2019-08-01,45691.75586300003,56940.97192500003,31870.358807000015,56969.805174999994,25099.44636799998,1.2461979376701808
2019-09-01,44257.474124,55142.214352999996,30809.70586399998,55168.34301800001,24358.637154000025,1.2459412888883643
2019-10-01,45789.54589499999,57014.488284,32163.91429600002,57042.312988000005,24878.398691999984,1.2451420333964422
2019-11-01,44340.83349600002,55206.087889,31075.719379999977,55234.109376,24158.389996000024,1.24503947121292
2019-12-01,45877.80468399998,57080.192871999985,32436.229548000025,57106.90917799999,24670.679629999962,1.244178819478406
2020-01-01,45930.27294999998,57107.87255800002,32398.142394999977,57136.45752100001,24738.315126000034,1.2433601825133513
2020-02-01,43012.054200000006,53450.56640899999,30593.837287000053,53475.78222700001,22881.944939999958,1.2426880650819971
2020-03-01,46028.728519,57164.21923599999,32661.669341999976,57191.73534999999,24530.066008000013,1.2419247951288384
2020-04-01,44591.22851500003,55344.691893999996,31908.058730999983,55372.37841900001,23464.319688000025,1.2411564726318902
2020-05-01,46161.17285099997,57523.31738400001,32951.14791700003,57549.95116999999,24598.803252999962,1.2461407245798328
2020-06-01,44749.22754000003,55686.844727,32211.074737000003,55713.67773700002,23502.603000000017,1.2444202456282214
2020-07-01,46299.743653,57564.63964499999,33244.47115199997,57593.242186999996,24348.771035000027,1.24330363633169
2020-08-01,46379.19726099994,57587.987308000025,33583.77761600001,57614.544921,24030.767304999994,1.2416771032909943
2020-09-01,44939.37451700006,55749.05273399998,32446.894307999988,55775.786134,23328.891826000014,1.240539133736958
2020-10-01,46484.60058199998,57630.882813000004,33841.51788000003,57658.28222499999,23816.76434499996,1.2397844036830588
2020-11-01,45162.727539,55793.91797,32748.847046999992,55820.613282000006,23071.766235000014,1.2353974396656957
2020-12-01,46518.261722000025,57679.20995799998,33885.57362099998,57705.476561999996,23819.902941000015,1.239926167119043
2021-01-01,46736.40966399996,57701.97168000002,34071.43538600002,57729.10058700001,23657.66520099999,1.2346256825210642
2021-02-01,42078.13476700002,52136.89258000001,30801.624628999994,52161.93945199999,21360.314822999997,1.2390495174916503
2021-03-01,46805.81299100001,57746.760739,34286.24496400001,57773.817383999994,23487.572419999982,1.2337519006475488
2021-04-01,45154.367185999974,55907.257816000005,33213.243427999965,55932.401368000006,22719.15794000004,1.2381362269059535
2021-05-01,47096.708985000034,58246.30468499999,34681.66272000004,58272.312498,23590.649777999963,1.2367383186700163
2021-06-01,45481.99413999997,56380.39257900002,33630.902670000025,56407.738281,22776.835610999973,1.2396200660299381
2021-07-01,47366.97363800003,58296.38281199998,35054.88058899997,58322.099611000005,23267.219022000034,1.2307390220352152
2021-08-01,47228.58202499997,58322.12304900003,35091.500875999984,58349.01562399999,23257.51474800001,1.234890410601949
2021-09-01,45933.42187399999,56463.19530899997,34140.054479,56488.140625,22348.086146,1.2292399086635482
2021-10-01,47318.24024000002,58368.53906299999,35307.178060000035,58394.087889999995,23086.90982999996,1.2335314831437603
2021-11-01,46017.39062600002,56503.68945300001,34344.683652999964,56530.435547,22185.751894000037,1.2278768675135436
2021-12-01,47398.72850999994,58411.863283,35511.625954000025,58437.169923,22925.543968999977,1.2323508482021108
2022-01-01,47471.302735000005,59044.387145999994,35575.401145999946,59070.07617100001,23494.675025000062,1.2437911694904318
2022-02-01,42828.24121,53336.436462000005,32211.197067000052,53361.18945399999,21149.99238699994,1.245356684167232
2022-03-01,47729.660163000044,59061.92151,35901.40449999999,59087.501953,23186.09745300001,1.2374259801620107
2022-04-01,46072.41112899998,57166.928464,34773.700089,57191.855466999994,22418.155377999996,1.2408060933458862
2022-05-01,47900.26464899999,59083.080325,36157.10670600001,59109.619141,22952.51243499999,1.2334604152595945
2022-06-01,46413.394530000005,57189.74169900001,35285.897848999986,57215.666016,21929.768167000017,1.232181836259241
2022-07-01,48022.92577999999,59111.444825,36389.17815299999,59136.853516,22747.67536300001,1.2309005306298522
2022-08-01,47906.716799,59126.26415799999,36428.03626500002,59151.76172,22723.725454999985,1.2341957059189284
2022-09-01,46596.16113200002,57233.18945400001,35441.765984999976,57257.005858,21815.23987300002,1.228281215953968
2022-10-01,48206.98046599998,59154.90234399999,36743.30205600002,59181.136717999994,22437.834661999972,1.2271024190308184
2022-11-01,46698.65625300001,57262.552246000014,35834.31497199999,57287.22461200001,21452.90964000002,1.2262141320676945
2022-12-01,48302.997071000005,59187.62451099999,36929.43438499999,59212.759763999995,22283.325379,1.2253406227361172
2023-01-01,48371.41211100001,59356.311035000006,37274.99851200003,59382.617186999996,22107.61867499997,1.2270948571605158
2023-02-01,43740.55859099998,53623.47070400001,33547.768747999995,53646.884766,20099.116018000008,1.2259438935247966
2023-03-01,48479.96093900001,59383.82226399999,37447.44332499997,59409.98047,21962.53714500003,1.2249148125081986
2023-04-01,46965.629884,57483.10058700001,36138.137252000044,57507.638669999986,21369.50141799994,1.2239397348439063
2023-05-01,48578.12987999999,59415.740236000005,37634.334915999985,59440.73437700001,21806.399461000023,1.2230964918322627
2023-06-01,47056.161133000016,57514.759765,36322.466406,57538.17187500001,21215.705469000008,1.2222577953700833
2023-07-01,48700.17480800001,59602.35253799999,37845.20184,59627.30468599999,21782.102845999987,1.2238632155424845
2023-08-01,48768.316402999975,59616.095703000006,37763.24079700002,59642.046875,21878.80607799998,1.2224349762324938
2023-09-01,47248.67480199998,57708.72754099999,36838.13019199995,57733.082032000006,20894.951840000052,1.2213829865670063
2023-10-01,48877.411137000025,59648.05077999999,37968.60912600003,59672.851561999996,21704.242435999964,1.2203602726177663
2023-11-01,47344.97460499997,57738.967770999996,37033.46408499997,57763.28125100001,20729.817166000037,1.2195374113666195
2023-12-01,48968.20605600002,59679.82910400001,38160.27476300002,59704.554686999996,21544.279923999973,1.2187464869705495
2024-01-01,49025.308592999994,59850.082032000006,38465.31091299998,59874.851563000004,21409.540650000024,1.220799700188845
2024-02-01,45896.347661000036,56002.53125,35876.23533400002,56025.136717999994,20148.901383999975,1.2201958130447839
2024-03-01,49114.298821999946,59878.242185999996,38533.80737600001,59902.878906,21369.071529999987,1.2191610920276137
2024-04-01,47577.905276000034,57960.07422000001,37379.53068999997,57984.121093999995,20604.590404000024,1.2182140824353842
2024-05-01,48984.14941299999,59908.773436999996,38538.001971000034,59933.359375,21395.357403999966,1.2230236546906477
2024-06-01,47703.540038,57989.08789099999,37624.741044999966,58014.05468800001,20389.313643000045,1.2156139323162738
2024-07-01,49307.846680999995,59942.078125000015,38860.62068600001,59965.511718999995,21104.891032999985,1.2156701652943558
2024-08-01,49122.297853,59959.105468999995,38822.02710000003,59983.480468,21161.453367999973,1.2206087273936062
2024-09-01,47781.36035300003,58039.54296699999,37862.632422999974,58063.285157,20200.652734000025,1.2146900493877604
2024-10-01,49408.57714799998,59992.791015999996,39138.836302999975,60017.058593,20878.222290000027,1.2142181475150708
2024-11-01,47828.17578200001,58075.49218900002,37835.764851000014,58098.03125100001,20262.266399999993,1.2142527127462919
2024-12-01,49466.251949999976,60027.087889,39373.67020500003,60051.14062399999,20677.47041899996,1.2134957778825617
2025-01-01,49490.202149000004,60045.115235000005,39389.63905999997,60069.160157,20679.521097000026,1.2132727818371474
2025-02-01,44694.78515900002,54251.18749999999,35546.56250700001,54271.312499,18724.74999199999,1.2138147058320883
2025-03-01,49719.451171999994,60076.75976199998,39819.348132,60100.65625200001,20281.30812000001,1.2083150225083903
2025-04-01,47967.643555,58153.67578600002,38307.37915099997,58175.917966999994,19868.538816000022,1.2123521498261771
2025-05-01,49717.33202999999,60111.95702899998,39694.462920000035,60135.601563000004,20441.13864299997,1.209074473117901
2025-06-01,48099.94336100001,58194.04883000003,38458.06119000003,58216.117186999996,19758.055996999967,1.2098569096691376
2025-07-01,49699.999020999996,60153.249998999985,39794.609007999985,60176.730468999995,20382.12146100001,1.2103269855917527
2025-08-01,49704.02441199998,60171.802735000005,39855.279563000004,60195.24609400001,20339.966531000005,1.2106022288302436
